id,title,content,imgName
67,오빠 나 심심해요,,67_KakaoTalk_20240729_215113294_14.jpg
66,엄마도 사람이야!,,66_KakaoTalk_20240729_215113294_15.jpg
65,멍뭉,ㅁㄴㅇㄹ,65_KakaoTalk_20240729_215113294_13.jpg
64,흰둥이 재롱,ㅁㄴㅇㄹ,64_KakaoTalk_20240729_215113294_16.jpg
63,까와이~,ㅇㄹ,63_KakaoTalk_20240729_215113294_09.jpg
62,카와이,ㄴㅁㅇㄹ,62_KakaoTalk_20240729_215113294_11.jpg
61,귀여워,,61_KakaoTalk_20240729_215113294_05.jpg
60,다 큰 만두,ㄴㅁㄹ,60_KakaoTalk_20240729_215113294_04.jpg
59,아기 만두,ㅁㄴㄹㅇㅁㄴㄹ,59_KakaoTalk_20240729_215113294_03.jpg
58,고구마,ㅇㄹ,58_KakaoTalk_20240729_215113294_02.jpg
57,발라당 탄이,ㅁㄴㅇㄹ,57_KakaoTalk_20240729_215113294_01.jpg
56,123123,,56_KakaoTalk_20240729_215113294.jpg
55,ㅇㅁㄴㄹㅊㅁㅇㄴㄹ,,placeholder.jpg
54,ㄴㄹㅇㅎ,ㅇㄹ,54_부고장사진.png
53,ㅇㄴㄻㅇ,ㄹㄻㅇㄴ,placeholder.jpg
52,ㅇㄻㄹ ㅇㄻㅇ ㅇㅁㄹ11 ㄹㅇ,ㅁㅇㅁ ,52_KakaoTalk_20240723_181202136.png
51,테스트,ㅑㅇㄻ,51_깜놀수달.gif
50,Sample Title 50,This is a sample content 50 without commas or newlines,50_다이어리.jpg
46,수정됨) Sample Title 46,수정 This is a sample content 46 without commas or newlines,46_냥허그.jpg
45,ㄱㄱㄱㄱSample Title 45,This is a sample content 45 without commas or newlines,45_스크린샷 2024-07-28 224634.png
44,Sample Title 44,This is a sample content 44 without commas or newlines,placeholder.jpg
42,Sample Title 42,This is a sample content 42 without commas or newlines,placeholder.jpg
41,가나다ㄴㅇㄻㅇSample Title 41,This is a sample content 41 without commas or newlines,placeholder.jpg
40,Sample Title 40,This is a sample content 40 without commas or newlines,placeholder.jpg
39,Sample Title 39,This is a sample content 39 without commas or newlines,placeholder.jpg
38,Sample Title 38,This is a sample content 38 without commas or newlines,placeholder.jpg
37,Sample Title 37,This is a sample content 37 without commas or newlines,placeholder.jpg
36,Sample Title 36,This is a sample content 36 without commas or newlines,placeholder.jpg
35,Sample Title 35,This is a sample content 35 without commas or newlines,placeholder.jpg
34,Sample Title 34,This is a sample content 34 without commas or newlines,placeholder.jpg
33,Sample Title 33,This is a sample content 33 without commas or newlines,placeholder.jpg
32,Sample Title 32,This is a sample content 32 without commas or newlines,placeholder.jpg
31,Sample Title 31,This is a sample content 31 without commas or newlines,placeholder.jpg
30,Sample Title 30,This is a sample content 30 without commas or newlines,placeholder.jpg
29,Sample Title 29,This is a sample content 29 without commas or newlines,placeholder.jpg
28,Sample Title 28,This is a sample content 28 without commas or newlines,placeholder.jpg
27,Sample Title 27,This is a sample content 27 without commas or newlines,placeholder.jpg
26,Sample Title 26,This is a sample content 26 without commas or newlines,placeholder.jpg
25,Sample Title 25,This is a sample content 25 without commas or newlines,placeholder.jpg
24,Sample Title 24,This is a sample content 24 without commas or newlines,placeholder.jpg
23,Sample Title 23,This is a sample content 23 without commas or newlines,placeholder.jpg
22,Sample Title 22,This is a sample content 22 without commas or newlines,placeholder.jpg
21,Sample Title 21,This is a sample content 21 without commas or newlines,placeholder.jpg
20,Sample Title 20,This is a sample content 20 without commas or newlines,placeholder.jpg
19,Sample Title 19,This is a sample content 19 without commas or newlines,placeholder.jpg
18,Sample Title 18,This is a sample content 18 without commas or newlines,placeholder.jpg
17,Sample Title 17,This is a sample content 17 without commas or newlines,placeholder.jpg
16,Sample Title 16,This is a sample content 16 without commas or newlines,placeholder.jpg
15,Sample Title 15,This is a sample content 15 without commas or newlines,placeholder.jpg
14,Sample Title 14,This is a sample content 14 without commas or newlines,placeholder.jpg
13,Sample Title 13,This is a sample content 13 without commas or newlines,placeholder.jpg
12,Sample Title 12,This is a sample content 12 without commas or newlines,placeholder.jpg
11,Sample Title 11,This is a sample content 11 without commas or newlines,placeholder.jpg
10,Sample Title 10,This is a sample content 10 without commas or newlines,placeholder.jpg
9,Sample Title 9,This is a sample content 9 without commas or newlines,placeholder.jpg
8,Sample Title 8,This is a sample content 8 without commas or newlines,placeholder.jpg
7,Sample Title 7,This is a sample content 7 without commas or newlines,placeholder.jpg
6,Sample Title 6,This is a sample content 6 without commas or newlines,placeholder.jpg
5,Sample Title 5,This is a sample content 5 without commas or newlines,placeholder.jpg
4,Sample Title 4,This is a sample content 4 without commas or newlines,placeholder.jpg
3,Sample Title 3,This is a sample content 3 without commas or newlines,placeholder.jpg
2,Sample Title 2,This is a sample content 2 without commas or newlines,placeholder.jpg
1,Sample Title 1,This is a sample content 1 without commas or newlines,placeholder.jpg